MatchID,Date,Team,Goals,TeamLocation,OpposingTeam,FullTimeResult,HalfTimeResult,HalfTimeGoals,ShotsOnTarget,Corners,FoulsCommitted,YellowCards,RedCards,Season
1,27/08/11,Granada,0,Local,Betis,Derrota,Empate,0,2,8,12,2,0,11-12
1,27/08/11,Betis,1,Visitante,Granada,Victoria,Empate,0,3,5,16,2,0,11-12
2,27/08/11,Sp Gijon,1,Local,Sociedad,Derrota,Derrota,0,4,9,14,2,1,11-12
2,27/08/11,Sociedad,2,Visitante,Sp Gijon,Victoria,Victoria,1,2,2,11,1,1,11-12
3,27/08/11,Valencia,4,Local,Santander,Victoria,Derrota,1,11,10,14,3,0,11-12
3,27/08/11,Santander,3,Visitante,Valencia,Derrota,Victoria,2,3,3,11,3,0,11-12
4,28/08/11,Ath Bilbao,1,Local,Vallecano,Empate,Empate,0,4,9,17,1,0,11-12
4,28/08/11,Vallecano,1,Visitante,Ath Bilbao,Empate,Empate,0,6,4,19,3,0,11-12
5,28/08/11,Ath Madrid,0,Local,Osasuna,Empate,Empate,0,8,12,9,1,0,11-12
5,28/08/11,Osasuna,0,Visitante,Ath Madrid,Empate,Empate,0,2,5,8,0,0,11-12
6,28/08/11,Getafe,1,Local,Levante,Empate,Empate,0,2,1,15,5,0,11-12
6,28/08/11,Levante,1,Visitante,Getafe,Empate,Empate,0,1,4,6,3,0,11-12
7,28/08/11,Mallorca,1,Local,Espanol,Victoria,Empate,0,4,5,21,2,0,11-12
7,28/08/11,Espanol,0,Visitante,Mallorca,Derrota,Empate,0,3,4,15,3,0,11-12
8,28/08/11,Sevilla,2,Local,Malaga,Victoria,Victoria,2,9,2,15,3,0,11-12
8,28/08/11,Malaga,1,Visitante,Sevilla,Derrota,Derrota,0,1,8,7,1,0,11-12
9,28/08/11,Zaragoza,0,Local,Real Madrid,Derrota,Derrota,0,1,7,16,2,0,11-12
9,28/08/11,Real Madrid,6,Visitante,Zaragoza,Victoria,Victoria,2,16,9,16,1,0,11-12
10,29/08/11,Barcelona,5,Local,Villarreal,Victoria,Victoria,2,9,12,15,3,0,11-12
10,29/08/11,Villarreal,0,Visitante,Barcelona,Derrota,Derrota,0,1,0,14,3,0,11-12
11,10/09/11,Real Madrid,4,Local,Getafe,Victoria,Empate,1,10,4,9,3,0,11-12
11,10/09/11,Getafe,2,Visitante,Real Madrid,Derrota,Empate,1,6,6,13,3,0,11-12
12,10/09/11,Sociedad,2,Local,Barcelona,Empate,Derrota,0,4,5,10,2,0,11-12
12,10/09/11,Barcelona,2,Visitante,Sociedad,Empate,Victoria,2,6,4,17,1,0,11-12
13,10/09/11,Valencia,1,Local,Ath Madrid,Victoria,Empate,0,6,3,15,1,0,11-12
13,10/09/11,Ath Madrid,0,Visitante,Valencia,Derrota,Empate,0,2,7,18,2,0,11-12
14,10/09/11,Villarreal,2,Local,Sevilla,Empate,Empate,1,5,2,15,2,1,11-12
14,10/09/11,Sevilla,2,Visitante,Villarreal,Empate,Empate,1,5,1,14,4,0,11-12
15,11/09/11,Betis,1,Local,Mallorca,Victoria,Empate,0,7,7,9,2,0,11-12
15,11/09/11,Mallorca,0,Visitante,Betis,Derrota,Empate,0,2,5,17,4,0,11-12
16,11/09/11,Espanol,2,Local,Ath Bilbao,Victoria,Victoria,1,6,2,17,2,0,11-12
16,11/09/11,Ath Bilbao,1,Visitante,Espanol,Derrota,Derrota,0,7,3,21,1,0,11-12
17,11/09/11,Osasuna,2,Local,Sp Gijon,Victoria,Victoria,2,7,6,22,2,0,11-12
17,11/09/11,Sp Gijon,1,Visitante,Osasuna,Derrota,Derrota,0,2,8,16,3,0,11-12
18,11/09/11,Santander,0,Local,Levante,Empate,Empate,0,1,3,14,2,1,11-12
18,11/09/11,Levante,0,Visitante,Santander,Empate,Empate,0,2,4,20,2,0,11-12
19,11/09/11,Vallecano,0,Local,Zaragoza,Empate,Empate,0,5,3,19,4,0,11-12
19,11/09/11,Zaragoza,0,Visitante,Vallecano,Empate,Empate,0,1,1,14,4,0,11-12
20,12/09/11,Malaga,4,Local,Granada,Victoria,Victoria,2,9,4,12,1,0,11-12
20,12/09/11,Granada,0,Visitante,Malaga,Derrota,Derrota,0,4,3,11,2,0,11-12
21,17/09/11,Barcelona,8,Local,Osasuna,Victoria,Victoria,5,14,8,8,1,0,11-12
21,17/09/11,Osasuna,0,Visitante,Barcelona,Derrota,Derrota,0,1,3,15,5,0,11-12
22,17/09/11,Granada,1,Local,Villarreal,Victoria,Empate,0,2,0,17,7,0,11-12
22,17/09/11,Villarreal,0,Visitante,Granada,Derrota,Empate,0,4,7,11,2,0,11-12
23,17/09/11,Mallorca,0,Local,Malaga,Derrota,Derrota,0,1,4,21,2,0,11-12
23,17/09/11,Malaga,1,Visitante,Mallorca,Victoria,Victoria,1,4,8,12,1,0,11-12
24,17/09/11,Sevilla,1,Local,Sociedad,Victoria,Empate,0,5,8,20,3,0,11-12
24,17/09/11,Sociedad,0,Visitante,Sevilla,Derrota,Empate,0,1,1,9,2,0,11-12
25,17/09/11,Sp Gijon,0,Local,Valencia,Derrota,Derrota,0,4,6,13,1,0,11-12
25,17/09/11,Valencia,1,Visitante,Sp Gijon,Victoria,Victoria,1,5,6,19,5,0,11-12
26,18/09/11,Ath Bilbao,2,Local,Betis,Derrota,Derrota,1,9,10,14,3,1,11-12
26,18/09/11,Betis,3,Visitante,Ath Bilbao,Victoria,Victoria,3,6,1,19,4,1,11-12
27,18/09/11,Ath Madrid,4,Local,Santander,Victoria,Victoria,2,7,5,17,3,0,11-12
27,18/09/11,Santander,0,Visitante,Ath Madrid,Derrota,Derrota,0,0,4,17,2,0,11-12
28,18/09/11,Getafe,0,Local,Vallecano,Derrota,Derrota,0,2,5,20,3,0,11-12
28,18/09/11,Vallecano,1,Visitante,Getafe,Victoria,Victoria,1,4,8,14,5,0,11-12
29,18/09/11,Levante,1,Local,Real Madrid,Victoria,Empate,0,4,3,20,7,0,11-12
29,18/09/11,Real Madrid,0,Visitante,Levante,Derrota,Empate,0,3,6,16,3,1,11-12
30,18/09/11,Zaragoza,2,Local,Espanol,Victoria,Victoria,1,5,3,23,2,0,11-12
30,18/09/11,Espanol,1,Visitante,Zaragoza,Derrota,Derrota,0,4,4,12,4,1,11-12
31,20/09/11,Osasuna,0,Local,Sevilla,Empate,Empate,0,8,5,18,3,0,11-12
31,20/09/11,Sevilla,0,Visitante,Osasuna,Empate,Empate,0,5,3,15,2,0,11-12
32,20/09/11,Sociedad,1,Local,Granada,Victoria,Empate,0,4,5,16,5,0,11-12
32,20/09/11,Granada,0,Visitante,Sociedad,Derrota,Empate,0,4,4,16,2,0,11-12
33,20/09/11,Villarreal,2,Local,Mallorca,Victoria,Victoria,1,9,3,9,0,0,11-12
33,20/09/11,Mallorca,0,Visitante,Villarreal,Derrota,Derrota,0,3,2,14,3,0,11-12
34,21/09/11,Ath Madrid,4,Local,Sp Gijon,Victoria,Victoria,1,11,11,18,2,0,11-12
34,21/09/11,Sp Gijon,0,Visitante,Ath Madrid,Derrota,Derrota,0,1,2,18,4,0,11-12
35,21/09/11,Malaga,1,Local,Ath Bilbao,Victoria,Empate,0,4,6,16,1,0,11-12
35,21/09/11,Ath Bilbao,0,Visitante,Malaga,Derrota,Empate,0,3,6,20,2,0,11-12
36,21/09/11,Santander,0,Local,Real Madrid,Empate,Empate,0,2,2,20,6,0,11-12
36,21/09/11,Real Madrid,0,Visitante,Santander,Empate,Empate,0,2,10,19,3,0,11-12
37,21/09/11,Valencia,2,Local,Barcelona,Empate,Victoria,2,1,4,14,4,1,11-12
37,21/09/11,Barcelona,2,Visitante,Valencia,Empate,Derrota,1,7,3,5,1,0,11-12
38,21/09/11,Vallecano,1,Local,Levante,Derrota,Derrota,0,7,7,15,2,1,11-12
38,21/09/11,Levante,2,Visitante,Vallecano,Victoria,Victoria,2,5,5,12,1,0,11-12
39,22/09/11,Betis,4,Local,Zaragoza,Victoria,Victoria,2,6,2,8,0,1,11-12
39,22/09/11,Zaragoza,3,Visitante,Betis,Derrota,Derrota,1,8,10,16,2,0,11-12
40,22/09/11,Espanol,1,Local,Getafe,Victoria,Empate,0,6,10,25,5,0,11-12
40,22/09/11,Getafe,0,Visitante,Espanol,Derrota,Empate,0,0,0,16,1,0,11-12
41,24/09/11,Ath Bilbao,1,Local,Villarreal,Empate,Victoria,1,6,8,22,3,1,11-12
41,24/09/11,Villarreal,1,Visitante,Ath Bilbao,Empate,Derrota,0,3,4,17,1,0,11-12
42,24/09/11,Barcelona,5,Local,Ath Madrid,Victoria,Victoria,3,8,8,17,1,0,11-12
42,24/09/11,Ath Madrid,0,Visitante,Barcelona,Derrota,Derrota,0,2,1,18,1,0,11-12
43,24/09/11,Real Madrid,6,Local,Vallecano,Victoria,Victoria,2,11,7,7,0,1,11-12
43,24/09/11,Vallecano,2,Visitante,Real Madrid,Derrota,Derrota,1,6,6,18,4,0,11-12
44,24/09/11,Sevilla,1,Local,Valencia,Victoria,Victoria,1,6,4,15,2,2,11-12
44,24/09/11,Valencia,0,Visitante,Sevilla,Derrota,Derrota,0,6,8,13,3,1,11-12
45,25/09/11,Granada,1,Local,Osasuna,Empate,Derrota,0,2,4,20,3,0,11-12
45,25/09/11,Osasuna,1,Visitante,Granada,Empate,Victoria,1,6,6,12,3,0,11-12
46,25/09/11,Levante,3,Local,Espanol,Victoria,Victoria,1,5,7,11,1,0,11-12
46,25/09/11,Espanol,1,Visitante,Levante,Derrota,Derrota,0,6,8,14,4,2,11-12
47,25/09/11,Mallorca,2,Local,Sociedad,Victoria,Empate,1,4,6,14,2,0,11-12
47,25/09/11,Sociedad,1,Visitante,Mallorca,Derrota,Empate,1,5,1,8,0,0,11-12
48,25/09/11,Sp Gijon,0,Local,Santander,Empate,Empate,0,1,3,15,2,0,11-12
48,25/09/11,Santander,0,Visitante,Sp Gijon,Empate,Empate,0,3,5,15,4,0,11-12
49,25/09/11,Zaragoza,0,Local,Malaga,Empate,Empate,0,4,3,19,1,0,11-12
49,25/09/11,Malaga,0,Visitante,Zaragoza,Empate,Empate,0,4,7,10,1,0,11-12
50,26/09/11,Getafe,1,Local,Betis,Victoria,Victoria,1,5,2,13,5,0,11-12
50,26/09/11,Betis,0,Visitante,Getafe,Derrota,Derrota,0,3,4,22,3,0,11-12
51,01/10/11,Malaga,3,Local,Getafe,Victoria,Empate,0,8,5,11,2,0,11-12
51,01/10/11,Getafe,2,Visitante,Malaga,Derrota,Empate,0,2,1,22,6,1,11-12
52,01/10/11,Osasuna,2,Local,Mallorca,Empate,Empate,1,6,7,11,2,0,11-12
52,01/10/11,Mallorca,2,Visitante,Osasuna,Empate,Empate,1,6,1,16,4,1,11-12
53,01/10/11,Santander,1,Local,Vallecano,Empate,Derrota,0,4,3,11,1,0,11-12
53,01/10/11,Vallecano,1,Visitante,Santander,Empate,Victoria,1,5,4,17,4,0,11-12
54,01/10/11,Valencia,1,Local,Granada,Victoria,Victoria,1,11,10,14,2,0,11-12
54,01/10/11,Granada,0,Visitante,Valencia,Derrota,Derrota,0,5,4,1,0,0,11-12
55,01/10/11,Villarreal,2,Local,Zaragoza,Empate,Derrota,1,12,13,3,1,0,11-12
55,01/10/11,Zaragoza,2,Visitante,Villarreal,Empate,Victoria,2,9,4,23,3,1,11-12
56,02/10/11,Ath Madrid,0,Local,Sevilla,Empate,Empate,0,4,7,20,5,0,11-12
56,02/10/11,Sevilla,0,Visitante,Ath Madrid,Empate,Empate,0,5,5,17,6,0,11-12
57,02/10/11,Betis,0,Local,Levante,Derrota,Derrota,0,4,11,13,2,0,11-12
57,02/10/11,Levante,1,Visitante,Betis,Victoria,Victoria,1,3,2,11,4,0,11-12
58,02/10/11,Espanol,0,Local,Real Madrid,Derrota,Derrota,0,3,9,25,4,0,11-12
58,02/10/11,Real Madrid,4,Visitante,Espanol,Victoria,Victoria,1,7,5,6,1,0,11-12
59,02/10/11,Sociedad,1,Local,Ath Bilbao,Derrota,Derrota,0,4,5,15,1,0,11-12
59,02/10/11,Ath Bilbao,2,Visitante,Sociedad,Victoria,Victoria,1,7,6,16,4,0,11-12
60,02/10/11,Sp Gijon,0,Local,Barcelona,Derrota,Derrota,0,1,4,19,2,0,11-12
60,02/10/11,Barcelona,1,Visitante,Sp Gijon,Victoria,Victoria,1,4,5,7,2,0,11-12
61,15/10/11,Barcelona,3,Local,Santander,Victoria,Victoria,2,6,6,5,0,0,11-12
61,15/10/11,Santander,0,Visitante,Barcelona,Derrota,Derrota,0,2,0,17,2,0,11-12
62,15/10/11,Getafe,0,Local,Villarreal,Empate,Empate,0,3,6,18,4,0,11-12
62,15/10/11,Villarreal,0,Visitante,Getafe,Empate,Empate,0,4,2,14,5,0,11-12
63,15/10/11,Granada,0,Local,Ath Madrid,Empate,Empate,0,3,10,13,3,0,11-12
63,15/10/11,Ath Madrid,0,Visitante,Granada,Empate,Empate,0,8,8,17,5,0,11-12
64,15/10/11,Mallorca,1,Local,Valencia,Empate,Derrota,0,1,10,13,3,0,11-12
64,15/10/11,Valencia,1,Visitante,Mallorca,Empate,Victoria,1,3,6,19,4,0,11-12
65,15/10/11,Real Madrid,4,Local,Betis,Victoria,Empate,0,10,2,14,1,0,11-12
65,15/10/11,Betis,1,Visitante,Real Madrid,Derrota,Empate,0,3,0,15,3,0,11-12
66,16/10/11,Levante,3,Local,Malaga,Victoria,Victoria,3,4,4,19,3,0,11-12
66,16/10/11,Malaga,0,Visitante,Levante,Derrota,Derrota,0,3,4,12,0,1,11-12
67,16/10/11,Sevilla,2,Local,Sp Gijon,Victoria,Victoria,1,4,5,14,4,0,11-12
67,16/10/11,Sp Gijon,1,Visitante,Sevilla,Derrota,Derrota,0,6,7,20,2,0,11-12
68,16/10/11,Vallecano,0,Local,Espanol,Derrota,Empate,0,1,6,12,3,0,11-12
68,16/10/11,Espanol,1,Visitante,Vallecano,Victoria,Empate,0,4,8,14,3,0,11-12
69,16/10/11,Zaragoza,2,Local,Sociedad,Victoria,Victoria,1,4,2,13,3,0,11-12
69,16/10/11,Sociedad,0,Visitante,Zaragoza,Derrota,Derrota,0,2,6,9,3,0,11-12
70,17/10/11,Ath Bilbao,3,Local,Osasuna,Victoria,Victoria,3,6,11,15,2,0,11-12
70,17/10/11,Osasuna,1,Visitante,Ath Bilbao,Derrota,Derrota,0,6,3,12,1,1,11-12
71,22/10/11,Barcelona,0,Local,Sevilla,Empate,Empate,0,6,13,9,2,0,11-12
71,22/10/11,Sevilla,0,Visitante,Barcelona,Empate,Empate,0,3,3,8,8,2,11-12
72,22/10/11,Malaga,0,Local,Real Madrid,Derrota,Derrota,0,6,6,7,1,0,11-12
72,22/10/11,Real Madrid,4,Visitante,Malaga,Victoria,Victoria,4,7,1,13,0,0,11-12
73,22/10/11,Santander,0,Local,Espanol,Derrota,Empate,0,5,7,13,1,0,11-12
73,22/10/11,Espanol,1,Visitante,Santander,Victoria,Empate,0,4,3,17,4,0,11-12
74,22/10/11,Sp Gijon,2,Local,Granada,Victoria,Victoria,2,5,5,15,2,0,11-12
74,22/10/11,Granada,0,Visitante,Sp Gijon,Derrota,Derrota,0,5,5,11,1,0,11-12
75,23/10/11,Ath Madrid,1,Local,Mallorca,Empate,Empate,1,4,15,11,2,0,11-12
75,23/10/11,Mallorca,1,Visitante,Ath Madrid,Empate,Empate,1,3,0,21,6,0,11-12
76,23/10/11,Betis,0,Local,Vallecano,Derrota,Empate,0,4,12,17,2,0,11-12
76,23/10/11,Vallecano,2,Visitante,Betis,Victoria,Empate,0,5,7,18,3,0,11-12
77,23/10/11,Osasuna,3,Local,Zaragoza,Victoria,Victoria,3,7,5,17,2,0,11-12
77,23/10/11,Zaragoza,0,Visitante,Osasuna,Derrota,Derrota,0,2,1,24,6,0,11-12
78,23/10/11,Sociedad,0,Local,Getafe,Empate,Empate,0,2,10,11,2,0,11-12
78,23/10/11,Getafe,0,Visitante,Sociedad,Empate,Empate,0,2,5,11,1,0,11-12
79,23/10/11,Valencia,1,Local,Ath Bilbao,Empate,Empate,0,3,9,20,3,0,11-12
79,23/10/11,Ath Bilbao,1,Visitante,Valencia,Empate,Empate,0,3,4,20,4,0,11-12
80,23/10/11,Villarreal,0,Local,Levante,Derrota,Derrota,0,5,4,7,2,0,11-12
80,23/10/11,Levante,3,Visitante,Villarreal,Victoria,Victoria,2,3,4,8,1,0,11-12
81,25/10/11,Granada,0,Local,Barcelona,Derrota,Derrota,0,0,2,14,3,2,11-12
81,25/10/11,Barcelona,1,Visitante,Granada,Victoria,Victoria,1,7,10,9,4,0,11-12
82,25/10/11,Sevilla,2,Local,Santander,Empate,Victoria,1,11,14,8,1,0,11-12
82,25/10/11,Santander,2,Visitante,Sevilla,Empate,Derrota,0,5,0,19,3,0,11-12
83,26/10/11,Getafe,2,Local,Osasuna,Empate,Derrota,0,4,4,12,2,0,11-12
83,26/10/11,Osasuna,2,Visitante,Getafe,Empate,Victoria,1,3,3,19,3,0,11-12
84,26/10/11,Levante,3,Local,Sociedad,Victoria,Derrota,0,4,6,12,3,1,11-12
84,26/10/11,Sociedad,2,Visitante,Levante,Derrota,Victoria,1,5,6,16,1,0,11-12
85,26/10/11,Mallorca,1,Local,Sp Gijon,Derrota,Victoria,1,5,6,15,4,0,11-12
85,26/10/11,Sp Gijon,2,Visitante,Mallorca,Victoria,Derrota,0,2,5,12,4,0,11-12
86,26/10/11,Real Madrid,3,Local,Villarreal,Victoria,Victoria,3,6,4,15,2,0,11-12
86,26/10/11,Villarreal,0,Visitante,Real Madrid,Derrota,Derrota,0,3,5,12,3,0,11-12
87,26/10/11,Vallecano,2,Local,Malaga,Victoria,Victoria,1,6,6,13,2,0,11-12
87,26/10/11,Malaga,0,Visitante,Vallecano,Derrota,Derrota,0,0,4,10,3,1,11-12
88,26/10/11,Zaragoza,0,Local,Valencia,Derrota,Empate,0,0,1,20,3,0,11-12
88,26/10/11,Valencia,1,Visitante,Zaragoza,Victoria,Empate,0,4,9,16,4,0,11-12
89,27/10/11,Ath Bilbao,3,Local,Ath Madrid,Victoria,Empate,0,4,10,9,3,0,11-12
89,27/10/11,Ath Madrid,0,Visitante,Ath Bilbao,Derrota,Empate,0,4,8,21,5,0,11-12
90,27/10/11,Espanol,1,Local,Betis,Victoria,Empate,0,5,5,9,5,0,11-12
90,27/10/11,Betis,0,Visitante,Espanol,Derrota,Empate,0,5,8,10,2,0,11-12
91,29/10/11,Barcelona,5,Local,Mallorca,Victoria,Victoria,3,10,9,11,1,0,11-12
91,29/10/11,Mallorca,0,Visitante,Barcelona,Derrota,Derrota,0,0,1,16,2,0,11-12
92,29/10/11,Sociedad,0,Local,Real Madrid,Derrota,Derrota,0,3,3,18,5,0,11-12
92,29/10/11,Real Madrid,1,Visitante,Sociedad,Victoria,Victoria,1,6,5,18,2,0,11-12
93,29/10/11,Valencia,3,Local,Getafe,Victoria,Victoria,2,5,5,20,2,0,11-12
93,29/10/11,Getafe,1,Visitante,Valencia,Derrota,Derrota,1,3,3,13,2,0,11-12
94,29/10/11,Villarreal,2,Local,Vallecano,Victoria,Victoria,1,5,5,14,3,0,11-12
94,29/10/11,Vallecano,0,Visitante,Villarreal,Derrota,Derrota,0,1,2,11,5,0,11-12
95,30/10/11,Ath Madrid,3,Local,Zaragoza,Victoria,Victoria,2,7,5,18,3,0,11-12
95,30/10/11,Zaragoza,1,Visitante,Ath Madrid,Derrota,Derrota,0,4,4,12,3,0,11-12
96,30/10/11,Malaga,2,Local,Espanol,Victoria,Empate,1,8,9,12,0,0,11-12
96,30/10/11,Espanol,1,Visitante,Malaga,Derrota,Empate,1,3,3,21,5,0,11-12
97,30/10/11,Osasuna,2,Local,Levante,Victoria,Victoria,2,5,5,13,1,1,11-12
97,30/10/11,Levante,0,Visitante,Osasuna,Derrota,Derrota,0,1,5,13,3,0,11-12
98,30/10/11,Santander,1,Local,Betis,Victoria,Empate,0,2,8,21,4,0,11-12
98,30/10/11,Betis,0,Visitante,Santander,Derrota,Empate,0,5,7,12,1,0,11-12
99,30/10/11,Sp Gijon,1,Local,Ath Bilbao,Empate,Empate,0,4,2,9,1,0,11-12
99,30/10/11,Ath Bilbao,1,Visitante,Sp Gijon,Empate,Empate,0,3,5,21,3,0,11-12
100,31/10/11,Sevilla,1,Local,Granada,Derrota,Victoria,1,13,4,7,1,0,11-12
100,31/10/11,Granada,2,Visitante,Sevilla,Victoria,Derrota,0,4,7,12,1,0,11-12
101,05/11/11,Betis,0,Local,Malaga,Empate,Empate,0,0,2,16,2,0,11-12
101,05/11/11,Malaga,0,Visitante,Betis,Empate,Empate,0,4,7,19,1,0,11-12
102,05/11/11,Levante,0,Local,Valencia,Derrota,Derrota,0,3,9,13,6,0,11-12
102,05/11/11,Valencia,2,Visitante,Levante,Victoria,Victoria,1,3,5,19,3,0,11-12
103,05/11/11,Mallorca,0,Local,Sevilla,Empate,Empate,0,5,9,20,5,0,11-12
103,05/11/11,Sevilla,0,Visitante,Mallorca,Empate,Empate,0,1,8,6,2,0,11-12
104,06/11/11,Ath Bilbao,2,Local,Barcelona,Empate,Empate,1,4,3,26,3,1,11-12
104,06/11/11,Barcelona,2,Visitante,Ath Bilbao,Empate,Empate,1,9,5,12,1,0,11-12
105,06/11/11,Espanol,0,Local,Villarreal,Empate,Empate,0,2,7,14,1,1,11-12
105,06/11/11,Villarreal,0,Visitante,Espanol,Empate,Empate,0,1,2,9,3,0,11-12
106,06/11/11,Getafe,3,Local,Ath Madrid,Victoria,Empate,1,5,4,17,5,1,11-12
106,06/11/11,Ath Madrid,2,Visitante,Getafe,Derrota,Empate,1,6,5,19,6,0,11-12
107,06/11/11,Granada,0,Local,Santander,Empate,Empate,0,3,5,13,4,0,11-12
107,06/11/11,Santander,0,Visitante,Granada,Empate,Empate,0,2,5,20,5,1,11-12
108,06/11/11,Real Madrid,7,Local,Osasuna,Victoria,Victoria,3,11,6,9,0,0,11-12
108,06/11/11,Osasuna,1,Visitante,Real Madrid,Derrota,Derrota,1,2,1,13,1,1,11-12
109,06/11/11,Vallecano,4,Local,Sociedad,Victoria,Victoria,1,9,5,24,1,0,11-12
109,06/11/11,Sociedad,0,Visitante,Vallecano,Derrota,Derrota,0,3,2,9,1,1,11-12
110,06/11/11,Zaragoza,2,Local,Sp Gijon,Empate,Derrota,1,7,5,15,4,0,11-12
110,06/11/11,Sp Gijon,2,Visitante,Zaragoza,Empate,Victoria,2,2,3,17,2,0,11-12
111,19/11/11,Barcelona,4,Local,Zaragoza,Victoria,Victoria,2,11,6,20,2,0,11-12
111,19/11/11,Zaragoza,0,Visitante,Barcelona,Derrota,Derrota,0,0,1,17,3,0,11-12
112,19/11/11,Valencia,2,Local,Real Madrid,Derrota,Derrota,0,5,5,22,3,0,11-12
112,19/11/11,Real Madrid,3,Visitante,Valencia,Victoria,Victoria,1,4,2,19,7,0,11-12
113,19/11/11,Villarreal,1,Local,Betis,Victoria,Victoria,1,5,3,17,5,0,11-12
113,19/11/11,Betis,0,Visitante,Villarreal,Derrota,Derrota,0,4,5,24,2,0,11-12
114,20/11/11,Ath Madrid,3,Local,Levante,Victoria,Empate,0,13,7,18,4,0,11-12
114,20/11/11,Levante,2,Visitante,Ath Madrid,Derrota,Empate,0,5,2,9,2,0,11-12
115,20/11/11,Osasuna,0,Local,Vallecano,Empate,Empate,0,5,6,17,3,0,11-12
115,20/11/11,Vallecano,0,Visitante,Osasuna,Empate,Empate,0,2,5,14,5,0,11-12
116,20/11/11,Sevilla,1,Local,Ath Bilbao,Derrota,Empate,1,5,1,13,2,0,11-12
116,20/11/11,Ath Bilbao,2,Visitante,Sevilla,Victoria,Empate,1,5,6,9,2,0,11-12
117,20/11/11,Sociedad,0,Local,Espanol,Empate,Empate,0,1,7,15,4,0,11-12
117,20/11/11,Espanol,0,Visitante,Sociedad,Empate,Empate,0,5,6,10,1,0,11-12
118,20/11/11,Sp Gijon,2,Local,Getafe,Victoria,Empate,1,8,8,12,3,0,11-12
118,20/11/11,Getafe,1,Visitante,Sp Gijon,Derrota,Empate,1,1,1,22,8,1,11-12
119,21/11/11,Santander,1,Local,Malaga,Derrota,Empate,0,4,5,16,3,0,11-12
119,21/11/11,Malaga,3,Visitante,Santander,Victoria,Empate,0,7,8,8,2,0,11-12
120,26/11/11,Getafe,1,Local,Barcelona,Victoria,Empate,0,1,2,16,4,0,11-12
120,26/11/11,Barcelona,0,Visitante,Getafe,Derrota,Empate,0,7,13,6,2,0,11-12
121,26/11/11,Real Madrid,4,Local,Ath Madrid,Victoria,Empate,1,7,2,8,1,0,11-12
121,26/11/11,Ath Madrid,1,Visitante,Real Madrid,Derrota,Empate,1,1,2,25,5,2,11-12
122,26/11/11,Vallecano,1,Local,Valencia,Derrota,Derrota,0,3,9,14,2,0,11-12
122,26/11/11,Valencia,2,Visitante,Vallecano,Victoria,Victoria,1,3,3,16,4,0,11-12
123,27/11/11,Ath Bilbao,0,Local,Granada,Derrota,Derrota,0,4,8,11,2,0,11-12
123,27/11/11,Granada,1,Visitante,Ath Bilbao,Victoria,Victoria,1,5,3,15,4,0,11-12
124,27/11/11,Betis,2,Local,Sociedad,Derrota,Empate,0,5,7,20,3,0,11-12
124,27/11/11,Sociedad,3,Visitante,Betis,Victoria,Empate,0,7,4,8,3,0,11-12
125,27/11/11,Espanol,1,Local,Osasuna,Derrota,Derrota,0,3,7,14,4,0,11-12
125,27/11/11,Osasuna,2,Visitante,Espanol,Victoria,Victoria,1,3,1,14,4,1,11-12
126,27/11/11,Levante,4,Local,Sp Gijon,Victoria,Victoria,1,6,8,16,3,0,11-12
126,27/11/11,Sp Gijon,0,Visitante,Levante,Derrota,Derrota,0,3,6,10,2,0,11-12
127,27/11/11,Mallorca,2,Local,Santander,Victoria,Victoria,1,6,5,27,3,1,11-12
127,27/11/11,Santander,1,Visitante,Mallorca,Derrota,Derrota,0,4,9,20,2,0,11-12
128,27/11/11,Zaragoza,0,Local,Sevilla,Derrota,Derrota,0,2,11,20,5,1,11-12
128,27/11/11,Sevilla,1,Visitante,Zaragoza,Victoria,Victoria,1,7,8,15,2,0,11-12
129,28/11/11,Malaga,2,Local,Villarreal,Victoria,Victoria,2,5,5,9,2,1,11-12
129,28/11/11,Villarreal,1,Visitante,Malaga,Derrota,Derrota,1,8,3,18,3,0,11-12
130,29/11/11,Barcelona,4,Local,Vallecano,Victoria,Victoria,3,6,5,9,2,0,11-12
130,29/11/11,Vallecano,0,Visitante,Barcelona,Derrota,Derrota,0,4,2,16,3,0,11-12
131,03/12/11,Barcelona,5,Local,Levante,Victoria,Victoria,3,9,10,12,2,0,11-12
131,03/12/11,Levante,0,Visitante,Barcelona,Derrota,Derrota,0,3,4,10,3,0,11-12
132,03/12/11,Santander,1,Local,Villarreal,Victoria,Victoria,1,1,4,24,2,0,11-12
132,03/12/11,Villarreal,0,Visitante,Santander,Derrota,Derrota,0,2,3,18,3,0,11-12
133,03/12/11,Sp Gijon,0,Local,Real Madrid,Derrota,Derrota,0,5,2,18,4,1,11-12
133,03/12/11,Real Madrid,3,Visitante,Sp Gijon,Victoria,Victoria,1,7,8,12,3,0,11-12
134,03/12/11,Valencia,2,Local,Espanol,Victoria,Victoria,1,5,9,25,6,0,11-12
134,03/12/11,Espanol,1,Visitante,Valencia,Derrota,Derrota,0,4,4,6,5,0,11-12
135,04/12/11,Ath Madrid,3,Local,Vallecano,Victoria,Victoria,1,8,1,16,1,0,11-12
135,04/12/11,Vallecano,1,Visitante,Ath Madrid,Derrota,Derrota,0,4,3,18,3,0,11-12
136,04/12/11,Granada,1,Local,Zaragoza,Victoria,Victoria,1,5,5,8,2,0,11-12
136,04/12/11,Zaragoza,0,Visitante,Granada,Derrota,Derrota,0,5,6,16,2,0,11-12
137,04/12/11,Mallorca,1,Local,Ath Bilbao,Empate,Empate,1,4,8,30,7,0,11-12
137,04/12/11,Ath Bilbao,1,Visitante,Mallorca,Empate,Empate,1,4,5,12,5,0,11-12
138,04/12/11,Osasuna,2,Local,Betis,Victoria,Victoria,1,3,5,9,3,0,11-12
138,04/12/11,Betis,1,Visitante,Osasuna,Derrota,Derrota,0,8,12,5,2,0,11-12
139,04/12/11,Sociedad,3,Local,Malaga,Victoria,Empate,1,4,5,12,2,0,11-12
139,04/12/11,Malaga,2,Visitante,Sociedad,Derrota,Empate,1,6,4,10,3,0,11-12
140,05/12/11,Sevilla,3,Local,Getafe,Victoria,Victoria,1,7,9,10,2,0,11-12
140,05/12/11,Getafe,0,Visitante,Sevilla,Derrota,Derrota,0,1,3,17,4,0,11-12
141,07/12/11,Granada,2,Local,Mallorca,Empate,Derrota,0,6,3,10,4,0,11-12
141,07/12/11,Mallorca,2,Visitante,Granada,Empate,Victoria,1,4,5,23,3,0,11-12
142,10/12/11,Betis,2,Local,Valencia,Victoria,Empate,0,4,13,11,3,0,11-12
142,10/12/11,Valencia,1,Visitante,Betis,Derrota,Empate,0,2,5,16,3,0,11-12
143,10/12/11,Levante,1,Local,Sevilla,Victoria,Empate,0,3,4,14,2,0,11-12
143,10/12/11,Sevilla,0,Visitante,Levante,Derrota,Empate,0,6,2,18,4,0,11-12
144,10/12/11,Real Madrid,1,Local,Barcelona,Derrota,Empate,1,5,3,22,4,0,11-12
144,10/12/11,Barcelona,3,Visitante,Real Madrid,Victoria,Empate,1,7,5,13,3,0,11-12
145,11/12/11,Ath Bilbao,1,Local,Santander,Empate,Empate,0,2,10,13,2,0,11-12
145,11/12/11,Santander,1,Visitante,Ath Bilbao,Empate,Empate,0,2,1,23,4,0,11-12
146,11/12/11,Espanol,4,Local,Ath Madrid,Victoria,Victoria,3,11,7,18,3,0,11-12
146,11/12/11,Ath Madrid,2,Visitante,Espanol,Derrota,Derrota,1,4,3,18,4,0,11-12
147,11/12/11,Getafe,1,Local,Granada,Victoria,Empate,0,7,5,12,4,0,11-12
147,11/12/11,Granada,0,Visitante,Getafe,Derrota,Empate,0,2,3,9,2,0,11-12
148,11/12/11,Malaga,1,Local,Osasuna,Empate,Derrota,0,5,9,8,1,0,11-12
148,11/12/11,Osasuna,1,Visitante,Malaga,Empate,Victoria,1,1,1,13,1,0,11-12
149,11/12/11,Vallecano,1,Local,Sp Gijon,Derrota,Derrota,0,7,9,9,2,0,11-12
149,11/12/11,Sp Gijon,3,Visitante,Vallecano,Victoria,Victoria,2,7,7,14,2,0,11-12
150,11/12/11,Villarreal,1,Local,Sociedad,Empate,Empate,0,7,9,16,2,0,11-12
150,11/12/11,Sociedad,1,Visitante,Villarreal,Empate,Empate,0,2,3,15,2,1,11-12
151,11/12/11,Zaragoza,0,Local,Mallorca,Derrota,Derrota,0,3,4,16,2,0,11-12
151,11/12/11,Mallorca,1,Visitante,Zaragoza,Victoria,Victoria,1,6,4,13,1,0,11-12
152,17/12/11,Ath Bilbao,2,Local,Zaragoza,Victoria,Empate,1,5,11,10,1,1,11-12
152,17/12/11,Zaragoza,1,Visitante,Ath Bilbao,Derrota,Empate,1,2,4,23,4,1,11-12
153,17/12/11,Mallorca,1,Local,Getafe,Derrota,Derrota,1,4,9,22,5,0,11-12
153,17/12/11,Getafe,2,Visitante,Mallorca,Victoria,Victoria,2,2,3,15,4,0,11-12
154,17/12/11,Sevilla,2,Local,Real Madrid,Derrota,Derrota,0,6,9,12,3,1,11-12
154,17/12/11,Real Madrid,6,Visitante,Sevilla,Victoria,Victoria,3,10,1,10,3,1,11-12
155,17/12/11,Sp Gijon,1,Local,Espanol,Derrota,Derrota,0,6,6,15,0,0,11-12
155,17/12/11,Espanol,2,Visitante,Sp Gijon,Victoria,Victoria,1,9,4,16,2,0,11-12
156,18/12/11,Ath Madrid,0,Local,Betis,Derrota,Empate,0,9,14,10,3,0,11-12
156,18/12/11,Betis,2,Visitante,Ath Madrid,Victoria,Empate,0,4,4,15,3,1,11-12
157,18/12/11,Granada,2,Local,Levante,Victoria,Victoria,2,6,4,10,1,0,11-12
157,18/12/11,Levante,1,Visitante,Granada,Derrota,Derrota,0,4,6,9,5,0,11-12
158,18/12/11,Osasuna,2,Local,Villarreal,Victoria,Empate,0,6,7,22,2,0,11-12
158,18/12/11,Villarreal,1,Visitante,Osasuna,Derrota,Empate,0,4,3,14,2,0,11-12
159,18/12/11,Santander,0,Local,Sociedad,Empate,Empate,0,4,8,15,5,0,11-12
159,18/12/11,Sociedad,0,Visitante,Santander,Empate,Empate,0,4,3,12,2,1,11-12
160,18/12/11,Valencia,2,Local,Malaga,Victoria,Victoria,1,6,1,21,4,0,11-12
160,18/12/11,Malaga,0,Visitante,Valencia,Derrota,Derrota,0,6,5,9,2,0,11-12
161,07/01/12,Levante,0,Local,Mallorca,Empate,Empate,0,2,4,16,2,0,11-12
161,07/01/12,Mallorca,0,Visitante,Levante,Empate,Empate,0,4,6,23,3,0,11-12
162,07/01/12,Malaga,0,Local,Ath Madrid,Empate,Empate,0,2,5,15,3,0,11-12
162,07/01/12,Ath Madrid,0,Visitante,Malaga,Empate,Empate,0,3,6,26,5,0,11-12
163,07/01/12,Real Madrid,5,Local,Granada,Victoria,Victoria,2,12,10,13,1,0,11-12
163,07/01/12,Granada,1,Visitante,Real Madrid,Derrota,Derrota,1,4,8,9,1,0,11-12
164,07/01/12,Santander,1,Local,Zaragoza,Victoria,Victoria,1,4,7,16,2,0,11-12
164,07/01/12,Zaragoza,0,Visitante,Santander,Derrota,Derrota,0,1,1,19,3,0,11-12
165,07/01/12,Sociedad,0,Local,Osasuna,Empate,Empate,0,6,12,10,0,0,11-12
165,07/01/12,Osasuna,0,Visitante,Sociedad,Empate,Empate,0,1,5,18,2,0,11-12
166,08/01/12,Betis,2,Local,Sp Gijon,Victoria,Victoria,1,8,5,14,1,0,11-12
166,08/01/12,Sp Gijon,0,Visitante,Betis,Derrota,Derrota,0,5,3,14,2,2,11-12
167,08/01/12,Espanol,1,Local,Barcelona,Empate,Derrota,0,4,4,16,6,0,11-12
167,08/01/12,Barcelona,1,Visitante,Espanol,Empate,Victoria,1,3,4,7,1,0,11-12
168,08/01/12,Getafe,0,Local,Ath Bilbao,Empate,Empate,0,2,9,15,3,0,11-12
168,08/01/12,Ath Bilbao,0,Visitante,Getafe,Empate,Empate,0,2,3,12,1,0,11-12
169,08/01/12,Vallecano,2,Local,Sevilla,Victoria,Victoria,1,4,4,20,4,0,11-12
169,08/01/12,Sevilla,1,Visitante,Vallecano,Derrota,Derrota,0,3,10,17,4,0,11-12
170,08/01/12,Villarreal,2,Local,Valencia,Empate,Victoria,2,7,5,17,5,0,11-12
170,08/01/12,Valencia,2,Visitante,Villarreal,Empate,Derrota,1,3,6,15,4,0,11-12
171,14/01/12,Granada,1,Local,Vallecano,Derrota,Derrota,0,6,11,14,5,1,11-12
171,14/01/12,Vallecano,2,Visitante,Granada,Victoria,Victoria,1,4,3,12,3,0,11-12
172,14/01/12,Mallorca,1,Local,Real Madrid,Derrota,Victoria,1,1,4,23,4,0,11-12
172,14/01/12,Real Madrid,2,Visitante,Mallorca,Victoria,Derrota,0,9,5,7,1,0,11-12
173,14/01/12,Sevilla,0,Local,Espanol,Empate,Empate,0,3,6,13,1,0,11-12
173,14/01/12,Espanol,0,Visitante,Sevilla,Empate,Empate,0,1,4,16,4,0,11-12
174,14/01/12,Valencia,0,Local,Sociedad,Derrota,Empate,0,3,5,7,1,0,11-12
174,14/01/12,Sociedad,1,Visitante,Valencia,Victoria,Empate,0,2,0,10,0,0,11-12
175,14/01/12,Zaragoza,1,Local,Getafe,Empate,Victoria,1,4,10,10,3,0,11-12
175,14/01/12,Getafe,1,Visitante,Zaragoza,Empate,Derrota,0,5,10,10,2,0,11-12
176,15/01/12,Ath Bilbao,3,Local,Levante,Victoria,Victoria,2,9,4,12,2,0,11-12
176,15/01/12,Levante,0,Visitante,Ath Bilbao,Derrota,Derrota,0,4,8,9,4,1,11-12
177,15/01/12,Ath Madrid,3,Local,Villarreal,Victoria,Victoria,1,9,11,13,3,0,11-12
177,15/01/12,Villarreal,0,Visitante,Ath Madrid,Derrota,Derrota,0,0,2,8,1,0,11-12
178,15/01/12,Barcelona,4,Local,Betis,Victoria,Victoria,2,9,5,13,3,0,11-12
178,15/01/12,Betis,2,Visitante,Barcelona,Derrota,Derrota,1,5,3,15,4,1,11-12
179,15/01/12,Osasuna,0,Local,Santander,Derrota,Derrota,0,2,8,20,5,0,11-12
179,15/01/12,Santander,2,Visitante,Osasuna,Victoria,Victoria,1,5,5,12,3,0,11-12
180,15/01/12,Sp Gijon,2,Local,Malaga,Victoria,Victoria,1,7,2,24,5,0,11-12
180,15/01/12,Malaga,1,Visitante,Sp Gijon,Derrota,Derrota,0,4,8,8,3,0,11-12
181,21/01/12,Betis,1,Local,Sevilla,Empate,Empate,1,2,8,12,5,0,11-12
181,21/01/12,Sevilla,1,Visitante,Betis,Empate,Empate,1,5,10,13,0,1,11-12
182,21/01/12,Espanol,3,Local,Granada,Victoria,Victoria,2,8,10,11,1,0,11-12
182,21/01/12,Granada,0,Visitante,Espanol,Derrota,Derrota,0,6,5,12,3,0,11-12
183,21/01/12,Santander,1,Local,Getafe,Derrota,Empate,1,8,6,11,1,0,11-12
183,21/01/12,Getafe,2,Visitante,Santander,Victoria,Empate,1,5,5,13,2,0,11-12
184,21/01/12,Sociedad,0,Local,Ath Madrid,Derrota,Derrota,0,1,5,8,4,0,11-12
184,21/01/12,Ath Madrid,4,Visitante,Sociedad,Victoria,Victoria,1,9,3,24,7,0,11-12
185,22/01/12,Levante,0,Local,Zaragoza,Empate,Empate,0,0,6,15,0,0,11-12
185,22/01/12,Zaragoza,0,Visitante,Levante,Empate,Empate,0,3,3,15,0,0,11-12
186,22/01/12,Malaga,1,Local,Barcelona,Derrota,Derrota,0,6,3,12,1,0,11-12
186,22/01/12,Barcelona,4,Visitante,Malaga,Victoria,Victoria,1,11,2,13,0,0,11-12
187,22/01/12,Osasuna,1,Local,Valencia,Empate,Empate,0,5,3,20,3,0,11-12
187,22/01/12,Valencia,1,Visitante,Osasuna,Empate,Empate,0,1,6,19,3,1,11-12
188,22/01/12,Real Madrid,4,Local,Ath Bilbao,Victoria,Empate,1,10,4,13,3,0,11-12
188,22/01/12,Ath Bilbao,1,Visitante,Real Madrid,Derrota,Empate,1,2,6,9,2,1,11-12
189,22/01/12,Vallecano,0,Local,Mallorca,Derrota,Empate,0,4,7,9,1,0,11-12
189,22/01/12,Mallorca,1,Visitante,Vallecano,Victoria,Empate,0,2,7,17,5,0,11-12
190,23/01/12,Villarreal,3,Local,Sp Gijon,Victoria,Empate,0,8,7,15,1,0,11-12
190,23/01/12,Sp Gijon,0,Visitante,Villarreal,Derrota,Empate,0,1,3,14,3,0,11-12
191,28/01/12,Espanol,1,Local,Mallorca,Victoria,Victoria,1,6,3,17,5,0,11-12
191,28/01/12,Mallorca,0,Visitante,Espanol,Derrota,Derrota,0,5,6,11,2,1,11-12
192,28/01/12,Real Madrid,3,Local,Zaragoza,Victoria,Empate,1,6,3,9,1,0,11-12
192,28/01/12,Zaragoza,1,Visitante,Real Madrid,Derrota,Empate,1,3,4,12,2,0,11-12
193,28/01/12,Vallecano,2,Local,Ath Bilbao,Derrota,Empate,2,10,6,18,2,0,11-12
193,28/01/12,Ath Bilbao,3,Visitante,Vallecano,Victoria,Empate,2,4,5,14,4,0,11-12
194,28/01/12,Villarreal,0,Local,Barcelona,Empate,Empate,0,2,1,18,3,0,11-12
194,28/01/12,Barcelona,0,Visitante,Villarreal,Empate,Empate,0,2,4,12,0,0,11-12
195,29/01/12,Betis,1,Local,Granada,Derrota,Derrota,0,6,12,9,3,0,11-12
195,29/01/12,Granada,2,Visitante,Betis,Victoria,Victoria,2,5,6,11,6,0,11-12
196,29/01/12,Levante,1,Local,Getafe,Derrota,Derrota,0,5,10,11,1,0,11-12
196,29/01/12,Getafe,2,Visitante,Levante,Victoria,Victoria,1,6,3,19,2,1,11-12
197,29/01/12,Malaga,2,Local,Sevilla,Victoria,Victoria,2,5,6,14,4,1,11-12
197,29/01/12,Sevilla,1,Visitante,Malaga,Derrota,Derrota,1,3,3,20,7,0,11-12
198,29/01/12,Santander,2,Local,Valencia,Empate,Victoria,1,5,5,16,5,1,11-12
198,29/01/12,Valencia,2,Visitante,Santander,Empate,Derrota,0,4,8,16,5,1,11-12
199,29/01/12,Sociedad,5,Local,Sp Gijon,Victoria,Victoria,2,9,5,9,0,0,11-12
199,29/01/12,Sp Gijon,1,Visitante,Sociedad,Derrota,Derrota,0,2,3,16,4,0,11-12
200,30/01/12,Osasuna,0,Local,Ath Madrid,Derrota,Derrota,0,7,7,22,3,0,11-12
200,30/01/12,Ath Madrid,1,Visitante,Osasuna,Victoria,Victoria,1,4,7,17,3,0,11-12
201,04/02/12,Ath Bilbao,3,Local,Espanol,Empate,Empate,1,7,13,14,5,0,11-12
201,04/02/12,Espanol,3,Visitante,Ath Bilbao,Empate,Empate,1,6,4,10,3,0,11-12
202,04/02/12,Barcelona,2,Local,Sociedad,Victoria,Victoria,1,9,6,10,0,0,11-12
202,04/02/12,Sociedad,1,Visitante,Barcelona,Derrota,Derrota,0,5,3,15,2,0,11-12
203,04/02/12,Getafe,0,Local,Real Madrid,Derrota,Derrota,0,0,3,15,6,0,11-12
203,04/02/12,Real Madrid,1,Visitante,Getafe,Victoria,Victoria,1,5,8,15,0,0,11-12
204,04/02/12,Levante,1,Local,Santander,Empate,Victoria,1,6,8,13,2,0,11-12
204,04/02/12,Santander,1,Visitante,Levante,Empate,Derrota,0,5,7,8,1,0,11-12
205,04/02/12,Mallorca,1,Local,Betis,Victoria,Victoria,1,4,4,21,2,2,11-12
205,04/02/12,Betis,0,Visitante,Mallorca,Derrota,Derrota,0,0,3,8,1,1,11-12
206,05/02/12,Ath Madrid,0,Local,Valencia,Empate,Empate,0,3,4,25,2,0,11-12
206,05/02/12,Valencia,0,Visitante,Ath Madrid,Empate,Empate,0,1,4,21,3,0,11-12
207,05/02/12,Sevilla,1,Local,Villarreal,Derrota,Empate,1,8,10,13,2,0,11-12
207,05/02/12,Villarreal,2,Visitante,Sevilla,Victoria,Empate,1,8,4,15,4,1,11-12
208,05/02/12,Sp Gijon,1,Local,Osasuna,Empate,Victoria,1,5,6,15,2,0,11-12
208,05/02/12,Osasuna,1,Visitante,Sp Gijon,Empate,Derrota,0,5,2,18,2,0,11-12
209,05/02/12,Zaragoza,1,Local,Vallecano,Derrota,Victoria,1,3,5,15,6,0,11-12
209,05/02/12,Vallecano,2,Visitante,Zaragoza,Victoria,Derrota,0,4,11,13,3,0,11-12
210,06/02/12,Granada,2,Local,Malaga,Victoria,Empate,0,8,7,13,4,0,11-12
210,06/02/12,Malaga,1,Visitante,Granada,Derrota,Empate,0,4,6,13,1,1,11-12
211,11/02/12,Betis,2,Local,Ath Bilbao,Victoria,Empate,1,5,13,24,5,0,11-12
211,11/02/12,Ath Bilbao,1,Visitante,Betis,Derrota,Empate,1,4,10,10,1,1,11-12
212,11/02/12,Osasuna,3,Local,Barcelona,Victoria,Victoria,2,3,3,23,2,0,11-12
212,11/02/12,Barcelona,2,Visitante,Osasuna,Derrota,Derrota,0,8,12,7,6,0,11-12
213,11/02/12,Santander,0,Local,Ath Madrid,Empate,Empate,0,1,4,18,4,0,11-12
213,11/02/12,Ath Madrid,0,Visitante,Santander,Empate,Empate,0,9,9,25,4,0,11-12
214,12/02/12,Espanol,0,Local,Zaragoza,Derrota,Empate,0,4,6,17,2,0,11-12
214,12/02/12,Zaragoza,2,Visitante,Espanol,Victoria,Empate,0,7,8,24,5,0,11-12
215,12/02/12,Malaga,3,Local,Mallorca,Victoria,Empate,1,8,2,8,2,0,11-12
215,12/02/12,Mallorca,1,Visitante,Malaga,Derrota,Empate,1,3,3,15,2,0,11-12
216,12/02/12,Real Madrid,4,Local,Levante,Victoria,Empate,1,9,14,16,3,0,11-12
216,12/02/12,Levante,2,Visitante,Real Madrid,Derrota,Empate,1,3,1,9,2,1,11-12
217,12/02/12,Valencia,4,Local,Sp Gijon,Victoria,Victoria,1,8,5,19,1,0,11-12
217,12/02/12,Sp Gijon,0,Visitante,Valencia,Derrota,Derrota,0,1,5,15,1,0,11-12
218,12/02/12,Vallecano,2,Local,Getafe,Victoria,Victoria,1,7,4,19,5,0,11-12
218,12/02/12,Getafe,0,Visitante,Vallecano,Derrota,Derrota,0,0,3,23,3,1,11-12
219,12/02/12,Villarreal,3,Local,Granada,Victoria,Victoria,1,7,6,15,2,0,11-12
219,12/02/12,Granada,1,Visitante,Villarreal,Derrota,Derrota,0,4,5,12,2,1,11-12
220,13/02/12,Sociedad,2,Local,Sevilla,Victoria,Empate,0,6,3,17,1,0,11-12
220,13/02/12,Sevilla,0,Visitante,Sociedad,Derrota,Empate,0,1,6,16,2,0,11-12
221,18/02/12,Getafe,1,Local,Espanol,Empate,Empate,0,8,12,12,2,0,11-12
221,18/02/12,Espanol,1,Visitante,Getafe,Empate,Empate,0,3,2,14,3,1,11-12
222,18/02/12,Real Madrid,4,Local,Santander,Victoria,Victoria,2,9,6,16,3,0,11-12
222,18/02/12,Santander,0,Visitante,Real Madrid,Derrota,Derrota,0,0,4,9,1,1,11-12
223,18/02/12,Sevilla,2,Local,Osasuna,Victoria,Victoria,1,7,6,10,3,0,11-12
223,18/02/12,Osasuna,0,Visitante,Sevilla,Derrota,Derrota,0,3,5,16,3,0,11-12
224,19/02/12,Ath Bilbao,3,Local,Malaga,Victoria,Empate,0,4,11,19,4,0,11-12
224,19/02/12,Malaga,0,Visitante,Ath Bilbao,Derrota,Empate,0,7,7,13,1,0,11-12
225,19/02/12,Barcelona,5,Local,Valencia,Victoria,Victoria,2,15,11,6,0,0,11-12
225,19/02/12,Valencia,1,Visitante,Barcelona,Derrota,Derrota,1,3,1,15,3,0,11-12
226,19/02/12,Granada,4,Local,Sociedad,Victoria,Empate,1,8,5,16,2,1,11-12
226,19/02/12,Sociedad,1,Visitante,Granada,Derrota,Empate,1,1,3,16,4,1,11-12
227,19/02/12,Levante,3,Local,Vallecano,Derrota,Derrota,0,8,11,11,5,0,11-12
227,19/02/12,Vallecano,5,Visitante,Levante,Victoria,Victoria,1,6,3,15,3,0,11-12
228,19/02/12,Mallorca,4,Local,Villarreal,Victoria,Victoria,1,8,5,17,4,0,11-12
228,19/02/12,Villarreal,0,Visitante,Mallorca,Derrota,Derrota,0,3,4,17,2,0,11-12
229,19/02/12,Sp Gijon,1,Local,Ath Madrid,Empate,Empate,1,3,5,20,5,0,11-12
229,19/02/12,Ath Madrid,1,Visitante,Sp Gijon,Empate,Empate,1,9,8,20,2,0,11-12
230,20/02/12,Zaragoza,0,Local,Betis,Derrota,Derrota,0,4,8,16,3,0,11-12
230,20/02/12,Betis,2,Visitante,Zaragoza,Victoria,Victoria,1,6,3,14,4,0,11-12
231,25/02/12,Betis,1,Local,Getafe,Empate,Empate,0,4,8,18,2,0,11-12
231,25/02/12,Getafe,1,Visitante,Betis,Empate,Empate,0,3,7,9,7,0,11-12
232,25/02/12,Espanol,1,Local,Levante,Derrota,Derrota,0,1,4,13,2,0,11-12
232,25/02/12,Levante,2,Visitante,Espanol,Victoria,Victoria,1,4,4,18,5,0,11-12
233,25/02/12,Malaga,5,Local,Zaragoza,Victoria,Empate,1,9,9,12,1,0,11-12
233,25/02/12,Zaragoza,1,Visitante,Malaga,Derrota,Empate,1,3,1,25,3,0,11-12
234,25/02/12,Santander,1,Local,Sp Gijon,Empate,Derrota,0,7,11,17,1,0,11-12
234,25/02/12,Sp Gijon,1,Visitante,Santander,Empate,Victoria,1,5,4,18,3,0,11-12
235,26/02/12,Ath Madrid,1,Local,Barcelona,Derrota,Derrota,0,5,6,22,7,0,11-12
235,26/02/12,Barcelona,2,Visitante,Ath Madrid,Victoria,Victoria,1,3,2,12,5,0,11-12
236,26/02/12,Osasuna,2,Local,Granada,Victoria,Victoria,2,4,5,19,3,1,11-12
236,26/02/12,Granada,1,Visitante,Osasuna,Derrota,Derrota,1,7,5,11,4,0,11-12
237,26/02/12,Sociedad,1,Local,Mallorca,Victoria,Empate,0,1,5,8,2,0,11-12
237,26/02/12,Mallorca,0,Visitante,Sociedad,Derrota,Empate,0,3,8,14,4,0,11-12
238,26/02/12,Valencia,1,Local,Sevilla,Derrota,Empate,1,5,8,22,3,0,11-12
238,26/02/12,Sevilla,2,Visitante,Valencia,Victoria,Empate,1,4,4,15,2,0,11-12
239,26/02/12,Vallecano,0,Local,Real Madrid,Derrota,Empate,0,1,12,17,3,1,11-12
239,26/02/12,Real Madrid,1,Visitante,Vallecano,Victoria,Empate,0,3,5,16,6,0,11-12
240,26/02/12,Villarreal,2,Local,Ath Bilbao,Empate,Victoria,1,8,5,22,1,0,11-12
240,26/02/12,Ath Bilbao,2,Visitante,Villarreal,Empate,Derrota,0,6,7,18,4,0,11-12
241,03/03/12,Barcelona,3,Local,Sp Gijon,Victoria,Victoria,1,5,13,11,4,1,11-12
241,03/03/12,Sp Gijon,1,Visitante,Barcelona,Derrota,Derrota,0,1,1,23,7,0,11-12
242,03/03/12,Getafe,1,Local,Malaga,Derrota,Victoria,1,6,2,16,3,0,11-12
242,03/03/12,Malaga,3,Visitante,Getafe,Victoria,Derrota,0,7,2,20,4,0,11-12
243,03/03/12,Mallorca,1,Local,Osasuna,Empate,Derrota,0,2,8,15,2,0,11-12
243,03/03/12,Osasuna,1,Visitante,Mallorca,Empate,Victoria,1,2,8,13,3,0,11-12
244,03/03/12,Sevilla,1,Local,Ath Madrid,Empate,Derrota,0,5,1,14,2,0,11-12
244,03/03/12,Ath Madrid,1,Visitante,Sevilla,Empate,Victoria,1,6,6,21,5,0,11-12
245,03/03/12,Vallecano,4,Local,Santander,Victoria,Derrota,1,13,4,15,4,0,11-12
245,03/03/12,Santander,2,Visitante,Vallecano,Derrota,Victoria,2,3,3,13,4,1,11-12
246,04/03/12,Ath Bilbao,2,Local,Sociedad,Victoria,Victoria,1,7,7,13,4,0,11-12
246,04/03/12,Sociedad,0,Visitante,Ath Bilbao,Derrota,Derrota,0,4,10,12,6,0,11-12
247,04/03/12,Granada,0,Local,Valencia,Derrota,Derrota,0,3,6,11,4,0,11-12
247,04/03/12,Valencia,1,Visitante,Granada,Victoria,Victoria,1,2,1,22,9,0,11-12
248,04/03/12,Real Madrid,5,Local,Espanol,Victoria,Victoria,2,12,10,18,1,0,11-12
248,04/03/12,Espanol,0,Visitante,Real Madrid,Derrota,Derrota,0,1,3,14,3,0,11-12
249,04/03/12,Zaragoza,2,Local,Villarreal,Victoria,Derrota,0,4,5,20,2,0,11-12
249,04/03/12,Villarreal,1,Visitante,Zaragoza,Derrota,Victoria,1,5,3,18,3,0,11-12
250,05/03/12,Levante,3,Local,Betis,Victoria,Victoria,2,4,2,20,5,0,11-12
250,05/03/12,Betis,1,Visitante,Levante,Derrota,Derrota,1,5,7,7,3,0,11-12
251,10/03/12,Betis,2,Local,Real Madrid,Derrota,Empate,1,6,3,13,1,0,11-12
251,10/03/12,Real Madrid,3,Visitante,Betis,Victoria,Empate,1,10,5,15,3,0,11-12
252,10/03/12,Malaga,1,Local,Levante,Victoria,Empate,0,4,11,11,4,0,11-12
252,10/03/12,Levante,0,Visitante,Malaga,Derrota,Empate,0,3,2,16,2,0,11-12
253,10/03/12,Sociedad,3,Local,Zaragoza,Victoria,Victoria,3,7,4,14,2,0,11-12
253,10/03/12,Zaragoza,0,Visitante,Sociedad,Derrota,Derrota,0,2,2,15,1,1,11-12
254,10/03/12,Sp Gijon,1,Local,Sevilla,Victoria,Victoria,1,7,5,21,6,0,11-12
254,10/03/12,Sevilla,0,Visitante,Sp Gijon,Derrota,Derrota,0,3,7,7,4,1,11-12
255,11/03/12,Ath Madrid,2,Local,Granada,Victoria,Victoria,1,3,9,16,2,0,11-12
255,11/03/12,Granada,0,Visitante,Ath Madrid,Derrota,Derrota,0,3,4,10,2,1,11-12
256,11/03/12,Espanol,5,Local,Vallecano,Victoria,Victoria,4,10,3,26,4,0,11-12
256,11/03/12,Vallecano,1,Visitante,Espanol,Derrota,Derrota,0,6,6,23,2,0,11-12
257,11/03/12,Osasuna,2,Local,Ath Bilbao,Victoria,Victoria,2,6,8,17,2,0,11-12
257,11/03/12,Ath Bilbao,1,Visitante,Osasuna,Derrota,Derrota,0,4,7,22,7,0,11-12
258,11/03/12,Santander,0,Local,Barcelona,Derrota,Derrota,0,0,3,21,6,0,11-12
258,11/03/12,Barcelona,2,Visitante,Santander,Victoria,Victoria,1,8,6,14,0,0,11-12
259,11/03/12,Valencia,2,Local,Mallorca,Empate,Victoria,2,8,13,13,1,1,11-12
259,11/03/12,Mallorca,2,Visitante,Valencia,Empate,Derrota,0,4,6,13,4,0,11-12
260,12/03/12,Villarreal,1,Local,Getafe,Derrota,Empate,1,4,4,12,3,0,11-12
260,12/03/12,Getafe,2,Visitante,Villarreal,Victoria,Empate,1,4,4,11,3,0,11-12
261,17/03/12,Getafe,1,Local,Sociedad,Victoria,Empate,0,1,5,14,4,0,11-12
261,17/03/12,Sociedad,0,Visitante,Getafe,Derrota,Empate,0,5,9,18,4,0,11-12
262,17/03/12,Granada,2,Local,Sp Gijon,Victoria,Victoria,2,4,5,15,0,1,11-12
262,17/03/12,Sp Gijon,1,Visitante,Granada,Derrota,Derrota,0,2,3,11,1,0,11-12
263,17/03/12,Sevilla,0,Local,Barcelona,Derrota,Derrota,0,2,7,15,3,0,11-12
263,17/03/12,Barcelona,2,Visitante,Sevilla,Victoria,Victoria,2,9,4,12,3,0,11-12
264,17/03/12,Vallecano,3,Local,Betis,Victoria,Empate,0,7,7,19,2,0,11-12
264,17/03/12,Betis,0,Visitante,Vallecano,Derrota,Empate,0,2,3,25,2,0,11-12
265,17/03/12,Zaragoza,1,Local,Osasuna,Empate,Empate,0,3,4,18,5,0,11-12
265,17/03/12,Osasuna,1,Visitante,Zaragoza,Empate,Empate,0,3,4,15,2,0,11-12
266,18/03/12,Ath Bilbao,0,Local,Valencia,Derrota,Derrota,0,3,5,16,3,1,11-12
266,18/03/12,Valencia,3,Visitante,Ath Bilbao,Victoria,Victoria,1,7,3,25,6,0,11-12
267,18/03/12,Levante,1,Local,Villarreal,Victoria,Empate,0,4,10,14,3,0,11-12
267,18/03/12,Villarreal,0,Visitante,Levante,Derrota,Empate,0,1,3,18,4,1,11-12
268,18/03/12,Mallorca,2,Local,Ath Madrid,Victoria,Empate,0,3,2,18,4,1,11-12
268,18/03/12,Ath Madrid,1,Visitante,Mallorca,Derrota,Empate,0,8,10,10,1,0,11-12
269,18/03/12,Real Madrid,1,Local,Malaga,Empate,Victoria,1,6,5,21,2,0,11-12
269,18/03/12,Malaga,1,Visitante,Real Madrid,Empate,Derrota,0,2,3,9,1,0,11-12
270,19/03/12,Espanol,3,Local,Santander,Victoria,Victoria,2,7,6,15,4,0,11-12
270,19/03/12,Santander,1,Visitante,Espanol,Derrota,Derrota,1,3,2,21,2,1,11-12
271,20/03/12,Barcelona,5,Local,Granada,Victoria,Victoria,2,8,4,10,2,1,11-12
271,20/03/12,Granada,3,Visitante,Barcelona,Derrota,Derrota,0,3,2,13,7,0,11-12
272,20/03/12,Osasuna,0,Local,Getafe,Empate,Empate,0,7,4,16,2,0,11-12
272,20/03/12,Getafe,0,Visitante,Osasuna,Empate,Empate,0,2,5,15,0,0,11-12
273,21/03/12,Ath Madrid,2,Local,Ath Bilbao,Victoria,Empate,0,8,5,18,4,0,11-12
273,21/03/12,Ath Bilbao,1,Visitante,Ath Madrid,Derrota,Empate,0,2,5,8,3,0,11-12
274,21/03/12,Sociedad,1,Local,Levante,Derrota,Derrota,1,3,7,10,2,1,11-12
274,21/03/12,Levante,3,Visitante,Sociedad,Victoria,Victoria,2,6,3,19,6,0,11-12
275,21/03/12,Sp Gijon,2,Local,Mallorca,Derrota,Empate,1,6,9,20,2,0,11-12
275,21/03/12,Mallorca,3,Visitante,Sp Gijon,Victoria,Empate,1,4,3,20,4,0,11-12
276,21/03/12,Valencia,1,Local,Zaragoza,Derrota,Empate,1,10,9,9,3,0,11-12
276,21/03/12,Zaragoza,2,Visitante,Valencia,Victoria,Empate,1,2,0,10,4,2,11-12
277,21/03/12,Villarreal,1,Local,Real Madrid,Empate,Empate,0,2,5,23,5,0,11-12
277,21/03/12,Real Madrid,1,Visitante,Villarreal,Empate,Empate,0,8,8,17,5,2,11-12
278,22/03/12,Betis,1,Local,Espanol,Empate,Empate,0,2,3,15,1,0,11-12
278,22/03/12,Espanol,1,Visitante,Betis,Empate,Empate,0,4,4,17,2,0,11-12
279,22/03/12,Malaga,4,Local,Vallecano,Victoria,Empate,1,6,7,9,3,0,11-12
279,22/03/12,Vallecano,2,Visitante,Malaga,Derrota,Empate,1,7,4,14,4,0,11-12
280,22/03/12,Santander,0,Local,Sevilla,Derrota,Derrota,0,3,6,14,4,1,11-12
280,22/03/12,Sevilla,3,Visitante,Santander,Victoria,Victoria,1,7,6,13,3,0,11-12
281,24/03/12,Getafe,3,Local,Valencia,Victoria,Victoria,3,4,1,20,3,0,11-12
281,24/03/12,Valencia,1,Visitante,Getafe,Derrota,Derrota,1,4,9,15,6,0,11-12
282,24/03/12,Mallorca,0,Local,Barcelona,Derrota,Derrota,0,2,5,17,2,0,11-12
282,24/03/12,Barcelona,2,Visitante,Mallorca,Victoria,Victoria,1,6,8,6,1,1,11-12
283,24/03/12,Real Madrid,5,Local,Sociedad,Victoria,Victoria,3,10,9,14,1,0,11-12
283,24/03/12,Sociedad,1,Visitante,Real Madrid,Derrota,Derrota,1,4,3,8,4,0,11-12
284,25/03/12,Ath Bilbao,1,Local,Sp Gijon,Empate,Empate,0,4,2,15,2,0,11-12
284,25/03/12,Sp Gijon,1,Visitante,Ath Bilbao,Empate,Empate,0,4,3,18,4,0,11-12
285,25/03/12,Betis,1,Local,Santander,Empate,Victoria,1,7,3,12,3,0,11-12
285,25/03/12,Santander,1,Visitante,Betis,Empate,Derrota,0,5,9,20,5,0,11-12
286,25/03/12,Espanol,1,Local,Malaga,Derrota,Victoria,1,3,6,17,3,0,11-12
286,25/03/12,Malaga,2,Visitante,Espanol,Victoria,Derrota,0,6,6,10,1,0,11-12
287,25/03/12,Levante,0,Local,Osasuna,Derrota,Derrota,0,7,5,12,2,0,11-12
287,25/03/12,Osasuna,2,Visitante,Levante,Victoria,Victoria,1,6,6,14,2,0,11-12
288,25/03/12,Vallecano,0,Local,Villarreal,Derrota,Derrota,0,4,7,18,3,0,11-12
288,25/03/12,Villarreal,2,Visitante,Vallecano,Victoria,Victoria,1,5,3,14,1,0,11-12
289,25/03/12,Zaragoza,1,Local,Ath Madrid,Victoria,Empate,0,3,6,14,0,0,11-12
289,25/03/12,Ath Madrid,0,Visitante,Zaragoza,Derrota,Empate,0,2,9,19,5,0,11-12
290,26/03/12,Granada,0,Local,Sevilla,Derrota,Derrota,0,4,12,10,4,0,11-12
290,26/03/12,Sevilla,3,Visitante,Granada,Victoria,Victoria,1,10,1,15,4,0,11-12
291,31/03/12,Barcelona,2,Local,Ath Bilbao,Victoria,Victoria,1,14,10,11,1,0,11-12
291,31/03/12,Ath Bilbao,0,Visitante,Barcelona,Derrota,Derrota,0,1,4,14,3,0,11-12
292,31/03/12,Malaga,0,Local,Betis,Derrota,Derrota,0,6,8,9,1,0,11-12
292,31/03/12,Betis,2,Visitante,Malaga,Victoria,Victoria,2,2,1,21,4,0,11-12
293,31/03/12,Osasuna,1,Local,Real Madrid,Derrota,Derrota,0,1,3,17,2,1,11-12
293,31/03/12,Real Madrid,5,Visitante,Osasuna,Victoria,Victoria,3,7,4,14,1,0,11-12
294,31/03/12,Santander,0,Local,Granada,Derrota,Empate,0,2,3,20,4,0,11-12
294,31/03/12,Granada,1,Visitante,Santander,Victoria,Empate,0,6,5,11,2,0,11-12
295,31/03/12,Sp Gijon,1,Local,Zaragoza,Derrota,Derrota,0,6,7,20,3,0,11-12
295,31/03/12,Zaragoza,2,Visitante,Sp Gijon,Victoria,Victoria,1,5,6,30,7,0,11-12
296,01/04/12,Ath Madrid,3,Local,Getafe,Victoria,Victoria,1,4,7,25,1,0,11-12
296,01/04/12,Getafe,0,Visitante,Ath Madrid,Derrota,Derrota,0,3,3,10,2,0,11-12
297,01/04/12,Sociedad,4,Local,Vallecano,Victoria,Victoria,2,8,3,16,1,0,11-12
297,01/04/12,Vallecano,0,Visitante,Sociedad,Derrota,Derrota,0,1,5,18,3,0,11-12
298,01/04/12,Valencia,1,Local,Levante,Empate,Victoria,1,4,5,15,4,0,11-12
298,01/04/12,Levante,1,Visitante,Valencia,Empate,Derrota,0,2,2,12,3,0,11-12
299,01/04/12,Villarreal,0,Local,Espanol,Empate,Empate,0,3,3,12,1,0,11-12
299,01/04/12,Espanol,0,Visitante,Villarreal,Empate,Empate,0,2,1,17,3,0,11-12
300,02/04/12,Sevilla,3,Local,Mallorca,Victoria,Empate,0,6,8,10,4,0,11-12
300,02/04/12,Mallorca,1,Visitante,Sevilla,Derrota,Empate,0,3,4,16,2,0,11-12
301,07/04/12,Betis,3,Local,Villarreal,Victoria,Victoria,2,8,4,16,3,0,11-12
301,07/04/12,Villarreal,1,Visitante,Betis,Derrota,Derrota,0,3,9,14,1,1,11-12
302,07/04/12,Espanol,2,Local,Sociedad,Empate,Derrota,1,12,13,14,5,0,11-12
302,07/04/12,Sociedad,2,Visitante,Espanol,Empate,Victoria,2,4,2,17,3,1,11-12
303,07/04/12,Getafe,2,Local,Sp Gijon,Victoria,Victoria,1,4,4,27,4,0,11-12
303,07/04/12,Sp Gijon,0,Visitante,Getafe,Derrota,Derrota,0,3,5,18,4,0,11-12
304,07/04/12,Vallecano,6,Local,Osasuna,Victoria,Victoria,4,12,5,15,1,0,11-12
304,07/04/12,Osasuna,0,Visitante,Vallecano,Derrota,Derrota,0,3,7,13,4,0,11-12
305,07/04/12,Zaragoza,1,Local,Barcelona,Derrota,Derrota,1,5,2,22,4,1,11-12
305,07/04/12,Barcelona,4,Visitante,Zaragoza,Victoria,Victoria,2,7,9,13,5,0,11-12
306,08/04/12,Ath Bilbao,1,Local,Sevilla,Victoria,Empate,0,6,4,14,4,0,11-12
306,08/04/12,Sevilla,0,Visitante,Ath Bilbao,Derrota,Empate,0,3,3,12,4,0,11-12
307,08/04/12,Levante,2,Local,Ath Madrid,Victoria,Victoria,2,4,2,11,4,0,11-12
307,08/04/12,Ath Madrid,0,Visitante,Levante,Derrota,Derrota,0,6,7,13,5,1,11-12
308,08/04/12,Mallorca,0,Local,Granada,Empate,Empate,0,3,11,21,4,0,11-12
308,08/04/12,Granada,0,Visitante,Mallorca,Empate,Empate,0,7,7,8,1,0,11-12
309,08/04/12,Real Madrid,0,Local,Valencia,Empate,Empate,0,10,11,12,3,0,11-12
309,08/04/12,Valencia,0,Visitante,Real Madrid,Empate,Empate,0,4,5,16,3,0,11-12
310,09/04/12,Malaga,3,Local,Santander,Victoria,Victoria,1,13,12,12,3,0,11-12
310,09/04/12,Santander,0,Visitante,Malaga,Derrota,Derrota,0,0,0,13,2,1,11-12
311,10/04/12,Barcelona,4,Local,Getafe,Victoria,Victoria,2,7,13,9,1,0,11-12
311,10/04/12,Getafe,0,Visitante,Barcelona,Derrota,Derrota,0,0,5,10,1,0,11-12
312,10/04/12,Osasuna,2,Local,Espanol,Victoria,Empate,0,4,4,13,3,0,11-12
312,10/04/12,Espanol,0,Visitante,Osasuna,Derrota,Empate,0,0,3,17,4,2,11-12
313,10/04/12,Sociedad,1,Local,Betis,Empate,Empate,0,4,9,10,0,0,11-12
313,10/04/12,Betis,1,Visitante,Sociedad,Empate,Empate,0,6,5,10,3,0,11-12
314,11/04/12,Ath Madrid,1,Local,Real Madrid,Derrota,Derrota,0,3,7,18,2,0,11-12
314,11/04/12,Real Madrid,4,Visitante,Ath Madrid,Victoria,Victoria,1,9,8,15,3,0,11-12
315,11/04/12,Granada,2,Local,Ath Bilbao,Empate,Victoria,1,4,0,9,2,1,11-12
315,11/04/12,Ath Bilbao,2,Visitante,Granada,Empate,Derrota,0,5,11,13,3,0,11-12
316,11/04/12,Sp Gijon,3,Local,Levante,Victoria,Empate,1,5,7,21,5,0,11-12
316,11/04/12,Levante,2,Visitante,Sp Gijon,Derrota,Empate,1,7,1,7,0,0,11-12
317,11/04/12,Valencia,4,Local,Vallecano,Victoria,Victoria,1,7,7,13,2,0,11-12
317,11/04/12,Vallecano,1,Visitante,Valencia,Derrota,Derrota,0,3,7,23,7,0,11-12
318,12/04/12,Santander,0,Local,Mallorca,Derrota,Derrota,0,4,5,16,3,0,11-12
318,12/04/12,Mallorca,3,Visitante,Santander,Victoria,Victoria,1,6,5,21,1,0,11-12
319,12/04/12,Sevilla,3,Local,Zaragoza,Victoria,Victoria,3,8,7,15,1,0,11-12
319,12/04/12,Zaragoza,0,Visitante,Sevilla,Derrota,Derrota,0,2,2,15,3,0,11-12
320,12/04/12,Villarreal,2,Local,Malaga,Victoria,Empate,0,3,4,14,0,0,11-12
320,12/04/12,Malaga,1,Visitante,Villarreal,Derrota,Empate,0,4,2,15,4,1,11-12
321,14/04/12,Levante,1,Local,Barcelona,Derrota,Victoria,1,2,1,16,5,0,11-12
321,14/04/12,Barcelona,2,Visitante,Levante,Victoria,Derrota,0,8,6,7,2,0,11-12
322,14/04/12,Real Madrid,3,Local,Sp Gijon,Victoria,Empate,1,6,5,7,2,0,11-12
322,14/04/12,Sp Gijon,1,Visitante,Real Madrid,Derrota,Empate,1,2,1,26,5,1,11-12
323,15/04/12,Ath Bilbao,1,Local,Mallorca,Victoria,Victoria,1,2,7,12,1,0,11-12
323,15/04/12,Mallorca,0,Visitante,Ath Bilbao,Derrota,Derrota,0,1,5,17,4,0,11-12
324,15/04/12,Betis,1,Local,Osasuna,Victoria,Victoria,1,4,3,10,1,0,11-12
324,15/04/12,Osasuna,0,Visitante,Betis,Derrota,Derrota,0,1,3,7,2,1,11-12
325,15/04/12,Espanol,4,Local,Valencia,Victoria,Victoria,2,5,6,15,3,0,11-12
325,15/04/12,Valencia,0,Visitante,Espanol,Derrota,Derrota,0,1,3,19,5,0,11-12
326,15/04/12,Malaga,1,Local,Sociedad,Empate,Victoria,1,6,15,11,2,0,11-12
326,15/04/12,Sociedad,1,Visitante,Malaga,Empate,Derrota,0,2,6,9,0,1,11-12
327,15/04/12,Vallecano,0,Local,Ath Madrid,Derrota,Empate,0,3,9,22,6,0,11-12
327,15/04/12,Ath Madrid,1,Visitante,Vallecano,Victoria,Empate,0,4,3,17,2,0,11-12
328,15/04/12,Villarreal,1,Local,Santander,Empate,Empate,0,5,7,15,2,0,11-12
328,15/04/12,Santander,1,Visitante,Villarreal,Empate,Empate,0,3,6,6,2,0,11-12
329,15/04/12,Zaragoza,1,Local,Granada,Victoria,Victoria,1,4,2,25,3,1,11-12
329,15/04/12,Granada,0,Visitante,Zaragoza,Derrota,Derrota,0,0,3,10,3,0,11-12
330,16/04/12,Getafe,5,Local,Sevilla,Victoria,Empate,1,7,7,9,2,0,11-12
330,16/04/12,Sevilla,1,Visitante,Getafe,Derrota,Empate,1,3,7,10,2,0,11-12
331,21/04/12,Barcelona,1,Local,Real Madrid,Derrota,Derrota,0,3,4,11,2,0,11-12
331,21/04/12,Real Madrid,2,Visitante,Barcelona,Victoria,Victoria,1,6,7,20,4,0,11-12
332,21/04/12,Mallorca,1,Local,Zaragoza,Victoria,Victoria,1,4,9,18,3,0,11-12
332,21/04/12,Zaragoza,0,Visitante,Mallorca,Derrota,Derrota,0,3,2,15,3,0,11-12
333,21/04/12,Sevilla,1,Local,Levante,Empate,Empate,1,5,11,8,3,0,11-12
333,21/04/12,Levante,1,Visitante,Sevilla,Empate,Empate,1,2,2,19,5,0,11-12
334,21/04/12,Sp Gijon,2,Local,Vallecano,Victoria,Victoria,1,6,11,18,4,0,11-12
334,21/04/12,Vallecano,1,Visitante,Sp Gijon,Derrota,Derrota,0,4,7,17,2,2,11-12
335,22/04/12,Ath Madrid,3,Local,Espanol,Victoria,Empate,1,7,6,14,3,0,11-12
335,22/04/12,Espanol,1,Visitante,Ath Madrid,Derrota,Empate,1,1,5,11,2,0,11-12
336,22/04/12,Granada,1,Local,Getafe,Victoria,Victoria,1,6,6,6,2,0,11-12
336,22/04/12,Getafe,0,Visitante,Granada,Derrota,Derrota,0,2,1,15,2,0,11-12
337,22/04/12,Santander,0,Local,Ath Bilbao,Derrota,Derrota,0,3,6,14,2,0,11-12
337,22/04/12,Ath Bilbao,1,Visitante,Santander,Victoria,Victoria,1,2,12,16,2,0,11-12
338,22/04/12,Sociedad,1,Local,Villarreal,Empate,Derrota,0,4,6,11,3,0,11-12
338,22/04/12,Villarreal,1,Visitante,Sociedad,Empate,Victoria,1,4,1,14,2,0,11-12
339,22/04/12,Valencia,4,Local,Betis,Victoria,Victoria,1,7,4,18,2,0,11-12
339,22/04/12,Betis,0,Visitante,Valencia,Derrota,Derrota,0,2,2,8,2,2,11-12
340,23/04/12,Osasuna,1,Local,Malaga,Empate,Empate,0,4,6,9,2,0,11-12
340,23/04/12,Malaga,1,Visitante,Osasuna,Empate,Empate,0,4,9,12,1,0,11-12
341,28/04/12,Espanol,0,Local,Sp Gijon,Derrota,Empate,0,5,10,12,2,0,11-12
341,28/04/12,Sp Gijon,3,Visitante,Espanol,Victoria,Empate,0,6,5,12,3,0,11-12
342,28/04/12,Getafe,1,Local,Mallorca,Derrota,Derrota,0,3,7,8,4,0,11-12
342,28/04/12,Mallorca,3,Visitante,Getafe,Victoria,Victoria,1,9,3,16,3,0,11-12
343,28/04/12,Levante,3,Local,Granada,Victoria,Empate,0,5,3,10,1,0,11-12
343,28/04/12,Granada,1,Visitante,Levante,Derrota,Empate,0,3,0,10,3,0,11-12
344,28/04/12,Sociedad,3,Local,Santander,Victoria,Empate,0,5,5,13,1,0,11-12
344,28/04/12,Santander,0,Visitante,Sociedad,Derrota,Empate,0,5,5,17,5,0,11-12
345,28/04/12,Villarreal,1,Local,Osasuna,Empate,Victoria,1,6,6,12,1,0,11-12
345,28/04/12,Osasuna,1,Visitante,Villarreal,Empate,Derrota,0,2,5,12,2,0,11-12
346,29/04/12,Betis,2,Local,Ath Madrid,Empate,Empate,0,3,3,19,3,0,11-12
346,29/04/12,Ath Madrid,2,Visitante,Betis,Empate,Empate,0,6,10,17,2,0,11-12
347,29/04/12,Malaga,1,Local,Valencia,Victoria,Victoria,1,7,7,7,3,0,11-12
347,29/04/12,Valencia,0,Visitante,Malaga,Derrota,Derrota,0,1,6,27,3,1,11-12
348,29/04/12,Real Madrid,3,Local,Sevilla,Victoria,Victoria,1,5,9,14,3,0,11-12
348,29/04/12,Sevilla,0,Visitante,Real Madrid,Derrota,Derrota,0,3,4,7,2,0,11-12
349,29/04/12,Vallecano,0,Local,Barcelona,Derrota,Derrota,0,4,7,20,3,0,11-12
349,29/04/12,Barcelona,7,Visitante,Vallecano,Victoria,Victoria,3,8,9,7,1,0,11-12
350,29/04/12,Zaragoza,2,Local,Ath Bilbao,Victoria,Victoria,1,8,7,13,1,0,11-12
350,29/04/12,Ath Bilbao,0,Visitante,Zaragoza,Derrota,Derrota,0,3,6,11,2,0,11-12
351,01/05/12,Getafe,1,Local,Santander,Empate,Empate,0,4,4,25,4,0,11-12
351,01/05/12,Santander,1,Visitante,Getafe,Empate,Empate,0,3,5,17,3,0,11-12
352,01/05/12,Granada,2,Local,Espanol,Victoria,Victoria,2,9,7,9,0,0,11-12
352,01/05/12,Espanol,1,Visitante,Granada,Derrota,Derrota,0,3,9,13,1,0,11-12
353,01/05/12,Sp Gijon,2,Local,Villarreal,Derrota,Derrota,1,5,9,19,5,0,11-12
353,01/05/12,Villarreal,3,Visitante,Sp Gijon,Victoria,Victoria,2,8,5,9,5,1,11-12
354,02/05/12,Ath Bilbao,0,Local,Real Madrid,Derrota,Derrota,0,2,4,13,3,1,11-12
354,02/05/12,Real Madrid,3,Visitante,Ath Bilbao,Victoria,Victoria,2,10,8,20,5,0,11-12
355,02/05/12,Ath Madrid,1,Local,Sociedad,Empate,Empate,0,1,6,14,2,1,11-12
355,02/05/12,Sociedad,1,Visitante,Ath Madrid,Empate,Empate,0,5,10,9,1,0,11-12
356,02/05/12,Barcelona,4,Local,Malaga,Victoria,Victoria,2,6,4,17,2,0,11-12
356,02/05/12,Malaga,1,Visitante,Barcelona,Derrota,Derrota,1,3,1,14,2,0,11-12
357,02/05/12,Mallorca,1,Local,Vallecano,Victoria,Empate,0,8,9,15,2,0,11-12
357,02/05/12,Vallecano,0,Visitante,Mallorca,Derrota,Empate,0,6,4,8,4,0,11-12
358,02/05/12,Sevilla,1,Local,Betis,Derrota,Empate,1,3,9,18,3,1,11-12
358,02/05/12,Betis,2,Visitante,Sevilla,Victoria,Empate,1,3,4,14,4,0,11-12
359,02/05/12,Valencia,4,Local,Osasuna,Victoria,Empate,0,9,17,8,1,0,11-12
359,02/05/12,Osasuna,0,Visitante,Valencia,Derrota,Empate,0,3,2,11,5,1,11-12
360,02/05/12,Zaragoza,1,Local,Levante,Victoria,Victoria,1,5,2,15,5,0,11-12
360,02/05/12,Levante,0,Visitante,Zaragoza,Derrota,Derrota,0,4,10,14,5,0,11-12
361,05/05/12,Ath Bilbao,0,Local,Getafe,Empate,Empate,0,1,8,11,1,0,11-12
361,05/05/12,Getafe,0,Visitante,Ath Bilbao,Empate,Empate,0,1,2,10,3,0,11-12
362,05/05/12,Ath Madrid,2,Local,Malaga,Victoria,Derrota,0,2,8,20,6,0,11-12
362,05/05/12,Malaga,1,Visitante,Ath Madrid,Derrota,Victoria,1,4,5,14,2,0,11-12
363,05/05/12,Barcelona,4,Local,Espanol,Victoria,Victoria,1,6,5,13,4,0,11-12
363,05/05/12,Espanol,0,Visitante,Barcelona,Derrota,Derrota,0,3,3,24,5,0,11-12
364,05/05/12,Granada,1,Local,Real Madrid,Derrota,Victoria,1,5,4,13,4,2,11-12
364,05/05/12,Real Madrid,2,Visitante,Granada,Victoria,Derrota,0,3,6,14,4,0,11-12
365,05/05/12,Mallorca,1,Local,Levante,Victoria,Empate,0,3,6,13,1,0,11-12
365,05/05/12,Levante,0,Visitante,Mallorca,Derrota,Empate,0,2,5,5,3,0,11-12
366,05/05/12,Osasuna,1,Local,Sociedad,Victoria,Victoria,1,10,4,24,5,0,11-12
366,05/05/12,Sociedad,0,Visitante,Osasuna,Derrota,Derrota,0,3,4,13,1,0,11-12
367,05/05/12,Sevilla,5,Local,Vallecano,Victoria,Victoria,2,8,5,13,3,0,11-12
367,05/05/12,Vallecano,2,Visitante,Sevilla,Derrota,Derrota,1,3,5,10,5,0,11-12
368,05/05/12,Sp Gijon,2,Local,Betis,Victoria,Empate,1,3,4,19,2,0,11-12
368,05/05/12,Betis,1,Visitante,Sp Gijon,Derrota,Empate,1,8,4,16,3,0,11-12
369,05/05/12,Valencia,1,Local,Villarreal,Victoria,Empate,0,7,8,16,5,0,11-12
369,05/05/12,Villarreal,0,Visitante,Valencia,Derrota,Empate,0,3,3,16,3,0,11-12
370,05/05/12,Zaragoza,2,Local,Santander,Victoria,Empate,1,8,12,17,3,0,11-12
370,05/05/12,Santander,1,Visitante,Zaragoza,Derrota,Empate,1,2,1,21,6,0,11-12
371,12/05/12,Betis,2,Local,Barcelona,Empate,Derrota,0,3,2,15,2,0,11-12
371,12/05/12,Barcelona,2,Visitante,Betis,Empate,Victoria,1,6,7,11,0,1,11-12
372,12/05/12,Sociedad,1,Local,Valencia,Victoria,Empate,0,6,7,14,2,0,11-12
372,12/05/12,Valencia,0,Visitante,Sociedad,Derrota,Empate,0,2,14,10,0,0,11-12
373,13/05/12,Espanol,1,Local,Sevilla,Empate,Derrota,0,4,8,14,4,0,11-12
373,13/05/12,Sevilla,1,Visitante,Espanol,Empate,Victoria,1,6,7,16,2,0,11-12
374,13/05/12,Getafe,0,Local,Zaragoza,Derrota,Empate,0,0,0,22,2,3,11-12
374,13/05/12,Zaragoza,2,Visitante,Getafe,Victoria,Empate,0,4,6,18,4,1,11-12
375,13/05/12,Levante,3,Local,Ath Bilbao,Victoria,Victoria,1,4,4,3,1,0,11-12
375,13/05/12,Ath Bilbao,0,Visitante,Levante,Derrota,Derrota,0,5,6,8,0,0,11-12
376,13/05/12,Malaga,1,Local,Sp Gijon,Victoria,Empate,0,12,10,10,3,1,11-12
376,13/05/12,Sp Gijon,0,Visitante,Malaga,Derrota,Empate,0,1,1,24,5,0,11-12
377,13/05/12,Real Madrid,4,Local,Mallorca,Victoria,Victoria,2,12,8,7,0,0,11-12
377,13/05/12,Mallorca,1,Visitante,Real Madrid,Derrota,Derrota,0,5,6,16,1,0,11-12
378,13/05/12,Santander,2,Local,Osasuna,Derrota,Victoria,1,2,0,11,0,0,11-12
378,13/05/12,Osasuna,4,Visitante,Santander,Victoria,Derrota,0,13,9,9,2,0,11-12
379,13/05/12,Vallecano,1,Local,Granada,Victoria,Empate,0,2,9,19,3,0,11-12
379,13/05/12,Granada,0,Visitante,Vallecano,Derrota,Empate,0,5,6,14,4,0,11-12
380,13/05/12,Villarreal,0,Local,Ath Madrid,Derrota,Empate,0,1,6,9,2,0,11-12
380,13/05/12,Ath Madrid,1,Visitante,Villarreal,Victoria,Empate,0,4,4,18,2,0,11-12
